run_label,pair_seed,pair_role,pair_role_label,task_key,task_name,mem_distribution_family,checkpoint,checkpoint_name,hidden_tau_syn_ms,hidden_tau_mem_geom_mean_ms,final_test_acc,final_test_loss,label,subset_size,subset_draw,subset_indices,total_possible_subsets,sampled_pairs_in_subset,total_possible_pairs_in_subset,pair_draw,pair_i,pair_j,delay_steps,delay_ms,raw_step_ms,effective_step_ms,observed_W_bits,observed_M_bits,observed_TDMI_bits,observed_TDMI_counts_bits,status
seeded_run_1,101,heterogeneous_sampled,Heterogeneous sampled,2class,binary_parity,lognormal,C:\Users\Priya\Desktop\research project (SNN Info Theory)\Project Files\Checkpoints\SeededRuns\seeded_run_1\2class_lognormal\2class_seed101_het_lognormal.pt,2class_seed101_het_lognormal.pt,10.0,24.687251898269864,0.8242049469964664,0.4610665664076805,seeded_runs_discrete_observed_smoke,2,1,"2,31",496,1,1,1,2,31,4,16.0,1.0,4.0,0.008592592048475067,0.00010763599347662911,0.008700228041951696,0.008700227111136353,ok
seeded_run_1,101,heterogeneous_sampled,Heterogeneous sampled,2class,binary_parity,lognormal,C:\Users\Priya\Desktop\research project (SNN Info Theory)\Project Files\Checkpoints\SeededRuns\seeded_run_1\2class_lognormal\2class_seed101_het_lognormal.pt,2class_seed101_het_lognormal.pt,10.0,24.687251898269864,0.8242049469964664,0.4610665664076805,seeded_runs_discrete_observed_smoke,2,2,"5,30",496,1,1,1,5,30,4,16.0,1.0,4.0,0.2552854851522435,0.00016750906137286137,0.25545299421361634,0.2554529930829586,ok
seeded_run_1,101,heterogeneous_sampled,Heterogeneous sampled,2class,binary_parity,lognormal,C:\Users\Priya\Desktop\research project (SNN Info Theory)\Project Files\Checkpoints\SeededRuns\seeded_run_1\2class_lognormal\2class_seed101_het_lognormal.pt,2class_seed101_het_lognormal.pt,10.0,24.687251898269864,0.8242049469964664,0.4610665664076805,seeded_runs_discrete_observed_smoke,2,3,"22,30",496,1,1,1,22,30,4,16.0,1.0,4.0,0.28589804249296424,0.003125182502854429,0.2890232249958187,0.28902322374226447,ok
seeded_run_1,101,heterogeneous_sampled,Heterogeneous sampled,2class,binary_parity,lognormal,C:\Users\Priya\Desktop\research project (SNN Info Theory)\Project Files\Checkpoints\SeededRuns\seeded_run_1\2class_lognormal\2class_seed101_het_lognormal.pt,2class_seed101_het_lognormal.pt,10.0,24.687251898269864,0.8242049469964664,0.4610665664076805,seeded_runs_discrete_observed_smoke,4,1,"1,22,25,31",35960,3,6,1,22,25,4,16.0,1.0,4.0,0.034606986251083494,0.0,0.034606986251083494,0.03460698623132688,ok
seeded_run_1,101,heterogeneous_sampled,Heterogeneous sampled,2class,binary_parity,lognormal,C:\Users\Priya\Desktop\research project (SNN Info Theory)\Project Files\Checkpoints\SeededRuns\seeded_run_1\2class_lognormal\2class_seed101_het_lognormal.pt,2class_seed101_het_lognormal.pt,10.0,24.687251898269864,0.8242049469964664,0.4610665664076805,seeded_runs_discrete_observed_smoke,4,1,"1,22,25,31",35960,3,6,2,22,31,4,16.0,1.0,4.0,0.04002527254834398,0.0012886831856803171,0.0413139557340243,0.04131395402294517,ok
seeded_run_1,101,heterogeneous_sampled,Heterogeneous sampled,2class,binary_parity,lognormal,C:\Users\Priya\Desktop\research project (SNN Info Theory)\Project Files\Checkpoints\SeededRuns\seeded_run_1\2class_lognormal\2class_seed101_het_lognormal.pt,2class_seed101_het_lognormal.pt,10.0,24.687251898269864,0.8242049469964664,0.4610665664076805,seeded_runs_discrete_observed_smoke,4,1,"1,22,25,31",35960,3,6,3,25,31,4,16.0,1.0,4.0,0.006582865685156147,0.0,0.006582865685156147,0.0065828656365468806,ok
seeded_run_1,101,heterogeneous_sampled,Heterogeneous sampled,2class,binary_parity,lognormal,C:\Users\Priya\Desktop\research project (SNN Info Theory)\Project Files\Checkpoints\SeededRuns\seeded_run_1\2class_lognormal\2class_seed101_het_lognormal.pt,2class_seed101_het_lognormal.pt,10.0,24.687251898269864,0.8242049469964664,0.4610665664076805,seeded_runs_discrete_observed_smoke,4,2,"2,13,14,17",35960,3,6,1,2,13,4,16.0,1.0,4.0,0.0018666404121668034,0.0,0.0018666404121668034,0.0018666403427315661,ok
seeded_run_1,101,heterogeneous_sampled,Heterogeneous sampled,2class,binary_parity,lognormal,C:\Users\Priya\Desktop\research project (SNN Info Theory)\Project Files\Checkpoints\SeededRuns\seeded_run_1\2class_lognormal\2class_seed101_het_lognormal.pt,2class_seed101_het_lognormal.pt,10.0,24.687251898269864,0.8242049469964664,0.4610665664076805,seeded_runs_discrete_observed_smoke,4,2,"2,13,14,17",35960,3,6,2,2,17,4,16.0,1.0,4.0,0.0018666404121668034,0.0,0.0018666404121668034,0.0018666403427315661,ok
seeded_run_1,101,heterogeneous_sampled,Heterogeneous sampled,2class,binary_parity,lognormal,C:\Users\Priya\Desktop\research project (SNN Info Theory)\Project Files\Checkpoints\SeededRuns\seeded_run_1\2class_lognormal\2class_seed101_het_lognormal.pt,2class_seed101_het_lognormal.pt,10.0,24.687251898269864,0.8242049469964664,0.4610665664076805,seeded_runs_discrete_observed_smoke,4,2,"2,13,14,17",35960,3,6,3,13,14,4,16.0,1.0,4.0,-1.4426951601859516e-10,0.0,-1.4426951601859516e-10,0.0,ok
seeded_run_1,101,heterogeneous_sampled,Heterogeneous sampled,2class,binary_parity,lognormal,C:\Users\Priya\Desktop\research project (SNN Info Theory)\Project Files\Checkpoints\SeededRuns\seeded_run_1\2class_lognormal\2class_seed101_het_lognormal.pt,2class_seed101_het_lognormal.pt,10.0,24.687251898269864,0.8242049469964664,0.4610665664076805,seeded_runs_discrete_observed_smoke,4,3,"6,11,20,27",35960,3,6,1,6,20,4,16.0,1.0,4.0,0.5344213731556746,0.0,0.5344213731556746,0.5344213731554103,ok
seeded_run_1,101,heterogeneous_sampled,Heterogeneous sampled,2class,binary_parity,lognormal,C:\Users\Priya\Desktop\research project (SNN Info Theory)\Project Files\Checkpoints\SeededRuns\seeded_run_1\2class_lognormal\2class_seed101_het_lognormal.pt,2class_seed101_het_lognormal.pt,10.0,24.687251898269864,0.8242049469964664,0.4610665664076805,seeded_runs_discrete_observed_smoke,4,3,"6,11,20,27",35960,3,6,2,11,20,4,16.0,1.0,4.0,0.0076088913345535025,0.0,0.0076088913345535025,0.007608891315669969,ok
seeded_run_1,101,heterogeneous_sampled,Heterogeneous sampled,2class,binary_parity,lognormal,C:\Users\Priya\Desktop\research project (SNN Info Theory)\Project Files\Checkpoints\SeededRuns\seeded_run_1\2class_lognormal\2class_seed101_het_lognormal.pt,2class_seed101_het_lognormal.pt,10.0,24.687251898269864,0.8242049469964664,0.4610665664076805,seeded_runs_discrete_observed_smoke,4,3,"6,11,20,27",35960,3,6,3,20,27,4,16.0,1.0,4.0,-1.4426951601859516e-10,0.0,-1.4426951601859516e-10,0.0,ok
seeded_run_1,101,heterogeneous_sampled,Heterogeneous sampled,2class,binary_parity,lognormal,C:\Users\Priya\Desktop\research project (SNN Info Theory)\Project Files\Checkpoints\SeededRuns\seeded_run_1\2class_lognormal\2class_seed101_het_lognormal.pt,2class_seed101_het_lognormal.pt,10.0,24.687251898269864,0.8242049469964664,0.4610665664076805,seeded_runs_discrete_observed_smoke,8,1,"1,2,5,9,17,21,25,27",10518300,3,28,1,1,25,4,16.0,1.0,4.0,0.5249533839060851,0.0,0.5249533839060851,0.5249533839053664,ok
seeded_run_1,101,heterogeneous_sampled,Heterogeneous sampled,2class,binary_parity,lognormal,C:\Users\Priya\Desktop\research project (SNN Info Theory)\Project Files\Checkpoints\SeededRuns\seeded_run_1\2class_lognormal\2class_seed101_het_lognormal.pt,2class_seed101_het_lognormal.pt,10.0,24.687251898269864,0.8242049469964664,0.4610665664076805,seeded_runs_discrete_observed_smoke,8,1,"1,2,5,9,17,21,25,27",10518300,3,28,2,2,5,4,16.0,1.0,4.0,0.006269904195227882,0.0004680196238368295,0.006737923819064712,0.006737921357123548,ok
seeded_run_1,101,heterogeneous_sampled,Heterogeneous sampled,2class,binary_parity,lognormal,C:\Users\Priya\Desktop\research project (SNN Info Theory)\Project Files\Checkpoints\SeededRuns\seeded_run_1\2class_lognormal\2class_seed101_het_lognormal.pt,2class_seed101_het_lognormal.pt,10.0,24.687251898269864,0.8242049469964664,0.4610665664076805,seeded_runs_discrete_observed_smoke,8,1,"1,2,5,9,17,21,25,27",10518300,3,28,3,9,21,4,16.0,1.0,4.0,0.019512298240543624,0.0,0.019512298240543624,0.019512298232531637,ok
seeded_run_1,101,heterogeneous_sampled,Heterogeneous sampled,2class,binary_parity,lognormal,C:\Users\Priya\Desktop\research project (SNN Info Theory)\Project Files\Checkpoints\SeededRuns\seeded_run_1\2class_lognormal\2class_seed101_het_lognormal.pt,2class_seed101_het_lognormal.pt,10.0,24.687251898269864,0.8242049469964664,0.4610665664076805,seeded_runs_discrete_observed_smoke,8,2,"2,11,12,15,17,26,27,30",10518300,3,28,1,12,30,4,16.0,1.0,4.0,0.7233425901185142,0.059835848401676994,0.7831784385201912,0.7831784373513369,ok
seeded_run_1,101,heterogeneous_sampled,Heterogeneous sampled,2class,binary_parity,lognormal,C:\Users\Priya\Desktop\research project (SNN Info Theory)\Project Files\Checkpoints\SeededRuns\seeded_run_1\2class_lognormal\2class_seed101_het_lognormal.pt,2class_seed101_het_lognormal.pt,10.0,24.687251898269864,0.8242049469964664,0.4610665664076805,seeded_runs_discrete_observed_smoke,8,2,"2,11,12,15,17,26,27,30",10518300,3,28,2,26,30,4,16.0,1.0,4.0,0.25511702677987835,0.005109762220369296,0.26022678900024765,0.26022678803680177,ok
seeded_run_1,101,heterogeneous_sampled,Heterogeneous sampled,2class,binary_parity,lognormal,C:\Users\Priya\Desktop\research project (SNN Info Theory)\Project Files\Checkpoints\SeededRuns\seeded_run_1\2class_lognormal\2class_seed101_het_lognormal.pt,2class_seed101_het_lognormal.pt,10.0,24.687251898269864,0.8242049469964664,0.4610665664076805,seeded_runs_discrete_observed_smoke,8,2,"2,11,12,15,17,26,27,30",10518300,3,28,3,27,30,4,16.0,1.0,4.0,0.25089020750596713,0.0,0.25089020750596713,0.2508902075034505,ok
seeded_run_1,101,heterogeneous_sampled,Heterogeneous sampled,2class,binary_parity,lognormal,C:\Users\Priya\Desktop\research project (SNN Info Theory)\Project Files\Checkpoints\SeededRuns\seeded_run_1\2class_lognormal\2class_seed101_het_lognormal.pt,2class_seed101_het_lognormal.pt,10.0,24.687251898269864,0.8242049469964664,0.4610665664076805,seeded_runs_discrete_observed_smoke,8,3,"4,5,6,8,13,15,23,29",10518300,3,28,1,4,15,4,16.0,1.0,4.0,0.0970783908477757,0.00013948903974969618,0.0972178798875254,0.09721787798033873,ok
seeded_run_1,101,heterogeneous_sampled,Heterogeneous sampled,2class,binary_parity,lognormal,C:\Users\Priya\Desktop\research project (SNN Info Theory)\Project Files\Checkpoints\SeededRuns\seeded_run_1\2class_lognormal\2class_seed101_het_lognormal.pt,2class_seed101_het_lognormal.pt,10.0,24.687251898269864,0.8242049469964664,0.4610665664076805,seeded_runs_discrete_observed_smoke,8,3,"4,5,6,8,13,15,23,29",10518300,3,28,2,6,15,4,16.0,1.0,4.0,0.5429635014431837,0.0029680914034144745,0.5459315928465982,0.5459315913812508,ok
seeded_run_1,101,heterogeneous_sampled,Heterogeneous sampled,2class,binary_parity,lognormal,C:\Users\Priya\Desktop\research project (SNN Info Theory)\Project Files\Checkpoints\SeededRuns\seeded_run_1\2class_lognormal\2class_seed101_het_lognormal.pt,2class_seed101_het_lognormal.pt,10.0,24.687251898269864,0.8242049469964664,0.4610665664076805,seeded_runs_discrete_observed_smoke,8,3,"4,5,6,8,13,15,23,29",10518300,3,28,3,8,13,4,16.0,1.0,4.0,0.1414499039111986,0.0,0.1414499039111986,0.1414499039060333,ok
seeded_run_1,101,heterogeneous_sampled,Heterogeneous sampled,2class,binary_parity,lognormal,C:\Users\Priya\Desktop\research project (SNN Info Theory)\Project Files\Checkpoints\SeededRuns\seeded_run_1\2class_lognormal\2class_seed101_het_lognormal.pt,2class_seed101_het_lognormal.pt,10.0,24.687251898269864,0.8242049469964664,0.4610665664076805,seeded_runs_discrete_observed_smoke,16,1,"0,1,2,3,6,8,9,10,15,16,20,23,25,27,29,31",601080390,3,120,1,2,20,4,16.0,1.0,4.0,0.0018666404121668034,0.0,0.0018666404121668034,0.0018666403427315661,ok
seeded_run_1,101,heterogeneous_sampled,Heterogeneous sampled,2class,binary_parity,lognormal,C:\Users\Priya\Desktop\research project (SNN Info Theory)\Project Files\Checkpoints\SeededRuns\seeded_run_1\2class_lognormal\2class_seed101_het_lognormal.pt,2class_seed101_het_lognormal.pt,10.0,24.687251898269864,0.8242049469964664,0.4610665664076805,seeded_runs_discrete_observed_smoke,16,1,"0,1,2,3,6,8,9,10,15,16,20,23,25,27,29,31",601080390,3,120,2,3,29,4,16.0,1.0,4.0,0.4649483567240078,0.18071164611756796,0.6456600028415758,0.6456600016754421,ok
seeded_run_1,101,heterogeneous_sampled,Heterogeneous sampled,2class,binary_parity,lognormal,C:\Users\Priya\Desktop\research project (SNN Info Theory)\Project Files\Checkpoints\SeededRuns\seeded_run_1\2class_lognormal\2class_seed101_het_lognormal.pt,2class_seed101_het_lognormal.pt,10.0,24.687251898269864,0.8242049469964664,0.4610665664076805,seeded_runs_discrete_observed_smoke,16,1,"0,1,2,3,6,8,9,10,15,16,20,23,25,27,29,31",601080390,3,120,3,9,23,4,16.0,1.0,4.0,0.0002611963947658667,0.0,0.0002611963947658667,0.00026119530404164205,ok
seeded_run_1,101,heterogeneous_sampled,Heterogeneous sampled,2class,binary_parity,lognormal,C:\Users\Priya\Desktop\research project (SNN Info Theory)\Project Files\Checkpoints\SeededRuns\seeded_run_1\2class_lognormal\2class_seed101_het_lognormal.pt,2class_seed101_het_lognormal.pt,10.0,24.687251898269864,0.8242049469964664,0.4610665664076805,seeded_runs_discrete_observed_smoke,16,2,"0,2,3,6,8,11,15,17,20,23,24,27,28,29,30,31",601080390,3,120,1,0,20,4,16.0,1.0,4.0,1.711857929237795e-08,0.0,1.711857929237795e-08,1.7262848472390372e-08,ok
seeded_run_1,101,heterogeneous_sampled,Heterogeneous sampled,2class,binary_parity,lognormal,C:\Users\Priya\Desktop\research project (SNN Info Theory)\Project Files\Checkpoints\SeededRuns\seeded_run_1\2class_lognormal\2class_seed101_het_lognormal.pt,2class_seed101_het_lognormal.pt,10.0,24.687251898269864,0.8242049469964664,0.4610665664076805,seeded_runs_discrete_observed_smoke,16,2,"0,2,3,6,8,11,15,17,20,23,24,27,28,29,30,31",601080390,3,120,2,3,28,4,16.0,1.0,4.0,0.45666298010802,3.905041287066702e-05,0.45670203052089064,0.4567020299424309,ok
seeded_run_1,101,heterogeneous_sampled,Heterogeneous sampled,2class,binary_parity,lognormal,C:\Users\Priya\Desktop\research project (SNN Info Theory)\Project Files\Checkpoints\SeededRuns\seeded_run_1\2class_lognormal\2class_seed101_het_lognormal.pt,2class_seed101_het_lognormal.pt,10.0,24.687251898269864,0.8242049469964664,0.4610665664076805,seeded_runs_discrete_observed_smoke,16,2,"0,2,3,6,8,11,15,17,20,23,24,27,28,29,30,31",601080390,3,120,3,23,28,4,16.0,1.0,4.0,0.0002718804157908431,-1.0342827713725675e-05,0.00026153758807711744,0.00026153649735055043,ok
seeded_run_1,101,heterogeneous_sampled,Heterogeneous sampled,2class,binary_parity,lognormal,C:\Users\Priya\Desktop\research project (SNN Info Theory)\Project Files\Checkpoints\SeededRuns\seeded_run_1\2class_lognormal\2class_seed101_het_lognormal.pt,2class_seed101_het_lognormal.pt,10.0,24.687251898269864,0.8242049469964664,0.4610665664076805,seeded_runs_discrete_observed_smoke,16,3,"2,6,7,8,10,11,13,14,20,21,23,24,25,26,27,30",601080390,3,120,1,2,6,4,16.0,1.0,4.0,0.5362658703182426,0.00029814311997977683,0.5365640134382224,0.5365640120036079,ok
seeded_run_1,101,heterogeneous_sampled,Heterogeneous sampled,2class,binary_parity,lognormal,C:\Users\Priya\Desktop\research project (SNN Info Theory)\Project Files\Checkpoints\SeededRuns\seeded_run_1\2class_lognormal\2class_seed101_het_lognormal.pt,2class_seed101_het_lognormal.pt,10.0,24.687251898269864,0.8242049469964664,0.4610665664076805,seeded_runs_discrete_observed_smoke,16,3,"2,6,7,8,10,11,13,14,20,21,23,24,25,26,27,30",601080390,3,120,2,7,21,4,16.0,1.0,4.0,0.03344123244686337,0.016811263049389513,0.05025249549625288,0.050252494288696714,ok
seeded_run_1,101,heterogeneous_sampled,Heterogeneous sampled,2class,binary_parity,lognormal,C:\Users\Priya\Desktop\research project (SNN Info Theory)\Project Files\Checkpoints\SeededRuns\seeded_run_1\2class_lognormal\2class_seed101_het_lognormal.pt,2class_seed101_het_lognormal.pt,10.0,24.687251898269864,0.8242049469964664,0.4610665664076805,seeded_runs_discrete_observed_smoke,16,3,"2,6,7,8,10,11,13,14,20,21,23,24,25,26,27,30",601080390,3,120,3,21,25,4,16.0,1.0,4.0,0.019512298240543624,0.0,0.019512298240543624,0.019512298232531637,ok
seeded_run_1,101,heterogeneous_sampled,Heterogeneous sampled,2class,binary_parity,lognormal,C:\Users\Priya\Desktop\research project (SNN Info Theory)\Project Files\Checkpoints\SeededRuns\seeded_run_1\2class_lognormal\2class_seed101_het_lognormal.pt,2class_seed101_het_lognormal.pt,10.0,24.687251898269864,0.8242049469964664,0.4610665664076805,seeded_runs_discrete_observed_smoke,32,1,"0,1,2,3,4,5,6,7,8,9,10,11,12,13,14,15,16,17,18,19,20,21,22,23,24,25,26,27,28,29,30,31",1,3,496,1,7,11,4,16.0,1.0,4.0,0.024331733901821084,0.01153592087261368,0.035867654774434765,0.03586765351909044,ok
seeded_run_1,101,heterogeneous_sampled,Heterogeneous sampled,2class,binary_parity,lognormal,C:\Users\Priya\Desktop\research project (SNN Info Theory)\Project Files\Checkpoints\SeededRuns\seeded_run_1\2class_lognormal\2class_seed101_het_lognormal.pt,2class_seed101_het_lognormal.pt,10.0,24.687251898269864,0.8242049469964664,0.4610665664076805,seeded_runs_discrete_observed_smoke,32,1,"0,1,2,3,4,5,6,7,8,9,10,11,12,13,14,15,16,17,18,19,20,21,22,23,24,25,26,27,28,29,30,31",1,3,496,2,12,29,4,16.0,1.0,4.0,0.6040277798330087,0.09600080397417399,0.7000285838071827,0.7000285826377015,ok
seeded_run_1,101,heterogeneous_sampled,Heterogeneous sampled,2class,binary_parity,lognormal,C:\Users\Priya\Desktop\research project (SNN Info Theory)\Project Files\Checkpoints\SeededRuns\seeded_run_1\2class_lognormal\2class_seed101_het_lognormal.pt,2class_seed101_het_lognormal.pt,10.0,24.687251898269864,0.8242049469964664,0.4610665664076805,seeded_runs_discrete_observed_smoke,32,1,"0,1,2,3,4,5,6,7,8,9,10,11,12,13,14,15,16,17,18,19,20,21,22,23,24,25,26,27,28,29,30,31",1,3,496,3,19,23,4,16.0,1.0,4.0,0.026427125252596412,-6.690601740030888e-05,0.026360219235196103,0.02636021795943649,ok
seeded_run_1,101,homogeneous_anchor,Homogeneous anchor,2class,binary_parity,lognormal,C:\Users\Priya\Desktop\research project (SNN Info Theory)\Project Files\Checkpoints\SeededRuns\seeded_run_1\2class_lognormal\2class_seed101_hom_geommean_lognormal.pt,2class_seed101_hom_geommean_lognormal.pt,10.0,24.687251898269864,0.8268551236749117,0.42469995468854904,seeded_runs_discrete_observed_smoke,2,1,"3,12",496,1,1,1,3,12,4,16.0,1.0,4.0,0.1548992337854611,0.003428240013140016,0.15832747379860113,0.1583274725508756,ok
seeded_run_1,101,homogeneous_anchor,Homogeneous anchor,2class,binary_parity,lognormal,C:\Users\Priya\Desktop\research project (SNN Info Theory)\Project Files\Checkpoints\SeededRuns\seeded_run_1\2class_lognormal\2class_seed101_hom_geommean_lognormal.pt,2class_seed101_hom_geommean_lognormal.pt,10.0,24.687251898269864,0.8268551236749117,0.42469995468854904,seeded_runs_discrete_observed_smoke,2,2,"19,28",496,1,1,1,19,28,4,16.0,1.0,4.0,0.06499112593284107,0.00033359382885400635,0.06532471976169507,0.06532471801278185,ok
seeded_run_1,101,homogeneous_anchor,Homogeneous anchor,2class,binary_parity,lognormal,C:\Users\Priya\Desktop\research project (SNN Info Theory)\Project Files\Checkpoints\SeededRuns\seeded_run_1\2class_lognormal\2class_seed101_hom_geommean_lognormal.pt,2class_seed101_hom_geommean_lognormal.pt,10.0,24.687251898269864,0.8268551236749117,0.42469995468854904,seeded_runs_discrete_observed_smoke,2,3,"27,29",496,1,1,1,27,29,4,16.0,1.0,4.0,0.3078207851519328,0.0,0.3078207851519328,0.30782078515107636,ok
seeded_run_1,101,homogeneous_anchor,Homogeneous anchor,2class,binary_parity,lognormal,C:\Users\Priya\Desktop\research project (SNN Info Theory)\Project Files\Checkpoints\SeededRuns\seeded_run_1\2class_lognormal\2class_seed101_hom_geommean_lognormal.pt,2class_seed101_hom_geommean_lognormal.pt,10.0,24.687251898269864,0.8268551236749117,0.42469995468854904,seeded_runs_discrete_observed_smoke,4,1,"5,13,15,26",35960,3,6,1,5,13,4,16.0,1.0,4.0,0.013069891617243395,0.0,0.013069891617243395,0.013069891543266437,ok
seeded_run_1,101,homogeneous_anchor,Homogeneous anchor,2class,binary_parity,lognormal,C:\Users\Priya\Desktop\research project (SNN Info Theory)\Project Files\Checkpoints\SeededRuns\seeded_run_1\2class_lognormal\2class_seed101_hom_geommean_lognormal.pt,2class_seed101_hom_geommean_lognormal.pt,10.0,24.687251898269864,0.8268551236749117,0.42469995468854904,seeded_runs_discrete_observed_smoke,4,1,"5,13,15,26",35960,3,6,2,5,15,4,16.0,1.0,4.0,0.013069891617243395,0.0,0.013069891617243395,0.013069891543266437,ok
seeded_run_1,101,homogeneous_anchor,Homogeneous anchor,2class,binary_parity,lognormal,C:\Users\Priya\Desktop\research project (SNN Info Theory)\Project Files\Checkpoints\SeededRuns\seeded_run_1\2class_lognormal\2class_seed101_hom_geommean_lognormal.pt,2class_seed101_hom_geommean_lognormal.pt,10.0,24.687251898269864,0.8268551236749117,0.42469995468854904,seeded_runs_discrete_observed_smoke,4,1,"5,13,15,26",35960,3,6,3,13,26,4,16.0,1.0,4.0,0.022608124466967694,0.0,0.022608124466967694,0.022608124460246456,ok
seeded_run_1,101,homogeneous_anchor,Homogeneous anchor,2class,binary_parity,lognormal,C:\Users\Priya\Desktop\research project (SNN Info Theory)\Project Files\Checkpoints\SeededRuns\seeded_run_1\2class_lognormal\2class_seed101_hom_geommean_lognormal.pt,2class_seed101_hom_geommean_lognormal.pt,10.0,24.687251898269864,0.8268551236749117,0.42469995468854904,seeded_runs_discrete_observed_smoke,4,2,"5,14,19,30",35960,3,6,1,5,14,4,16.0,1.0,4.0,0.049683141946112785,2.852488124371888e-06,0.04968599443423716,0.049685993777007186,ok
seeded_run_1,101,homogeneous_anchor,Homogeneous anchor,2class,binary_parity,lognormal,C:\Users\Priya\Desktop\research project (SNN Info Theory)\Project Files\Checkpoints\SeededRuns\seeded_run_1\2class_lognormal\2class_seed101_hom_geommean_lognormal.pt,2class_seed101_hom_geommean_lognormal.pt,10.0,24.687251898269864,0.8268551236749117,0.42469995468854904,seeded_runs_discrete_observed_smoke,4,2,"5,14,19,30",35960,3,6,2,14,30,4,16.0,1.0,4.0,0.03669811681538426,-2.7993176025198352e-05,0.036670123639359065,0.036670122656516105,ok
seeded_run_1,101,homogeneous_anchor,Homogeneous anchor,2class,binary_parity,lognormal,C:\Users\Priya\Desktop\research project (SNN Info Theory)\Project Files\Checkpoints\SeededRuns\seeded_run_1\2class_lognormal\2class_seed101_hom_geommean_lognormal.pt,2class_seed101_hom_geommean_lognormal.pt,10.0,24.687251898269864,0.8268551236749117,0.42469995468854904,seeded_runs_discrete_observed_smoke,4,2,"5,14,19,30",35960,3,6,3,19,30,4,16.0,1.0,4.0,0.06120365975585296,0.00022149433933393858,0.061425154095186896,0.061425150659581734,ok
seeded_run_1,101,homogeneous_anchor,Homogeneous anchor,2class,binary_parity,lognormal,C:\Users\Priya\Desktop\research project (SNN Info Theory)\Project Files\Checkpoints\SeededRuns\seeded_run_1\2class_lognormal\2class_seed101_hom_geommean_lognormal.pt,2class_seed101_hom_geommean_lognormal.pt,10.0,24.687251898269864,0.8268551236749117,0.42469995468854904,seeded_runs_discrete_observed_smoke,4,3,"14,20,23,25",35960,3,6,1,20,23,4,16.0,1.0,4.0,1.8627065239383567e-07,0.0,1.8627065239383567e-07,1.8641492086319023e-07,ok
seeded_run_1,101,homogeneous_anchor,Homogeneous anchor,2class,binary_parity,lognormal,C:\Users\Priya\Desktop\research project (SNN Info Theory)\Project Files\Checkpoints\SeededRuns\seeded_run_1\2class_lognormal\2class_seed101_hom_geommean_lognormal.pt,2class_seed101_hom_geommean_lognormal.pt,10.0,24.687251898269864,0.8268551236749117,0.42469995468854904,seeded_runs_discrete_observed_smoke,4,3,"14,20,23,25",35960,3,6,2,20,25,4,16.0,1.0,4.0,1.8627065239383567e-07,0.0,1.8627065239383567e-07,1.8641492086319023e-07,ok
seeded_run_1,101,homogeneous_anchor,Homogeneous anchor,2class,binary_parity,lognormal,C:\Users\Priya\Desktop\research project (SNN Info Theory)\Project Files\Checkpoints\SeededRuns\seeded_run_1\2class_lognormal\2class_seed101_hom_geommean_lognormal.pt,2class_seed101_hom_geommean_lognormal.pt,10.0,24.687251898269864,0.8268551236749117,0.42469995468854904,seeded_runs_discrete_observed_smoke,4,3,"14,20,23,25",35960,3,6,3,23,25,4,16.0,1.0,4.0,-1.4426951601859516e-10,0.0,-1.4426951601859516e-10,0.0,ok
seeded_run_1,101,homogeneous_anchor,Homogeneous anchor,2class,binary_parity,lognormal,C:\Users\Priya\Desktop\research project (SNN Info Theory)\Project Files\Checkpoints\SeededRuns\seeded_run_1\2class_lognormal\2class_seed101_hom_geommean_lognormal.pt,2class_seed101_hom_geommean_lognormal.pt,10.0,24.687251898269864,0.8268551236749117,0.42469995468854904,seeded_runs_discrete_observed_smoke,8,1,"4,7,9,14,20,21,22,26",10518300,3,28,1,4,7,4,16.0,1.0,4.0,0.008375759537739863,0.0,0.008375759537739863,0.008375759517159815,ok
seeded_run_1,101,homogeneous_anchor,Homogeneous anchor,2class,binary_parity,lognormal,C:\Users\Priya\Desktop\research project (SNN Info Theory)\Project Files\Checkpoints\SeededRuns\seeded_run_1\2class_lognormal\2class_seed101_hom_geommean_lognormal.pt,2class_seed101_hom_geommean_lognormal.pt,10.0,24.687251898269864,0.8268551236749117,0.42469995468854904,seeded_runs_discrete_observed_smoke,8,1,"4,7,9,14,20,21,22,26",10518300,3,28,2,9,20,4,16.0,1.0,4.0,0.0015249836436244321,0.000600881277004077,0.002125864920628509,0.002125862841032189,ok
seeded_run_1,101,homogeneous_anchor,Homogeneous anchor,2class,binary_parity,lognormal,C:\Users\Priya\Desktop\research project (SNN Info Theory)\Project Files\Checkpoints\SeededRuns\seeded_run_1\2class_lognormal\2class_seed101_hom_geommean_lognormal.pt,2class_seed101_hom_geommean_lognormal.pt,10.0,24.687251898269864,0.8268551236749117,0.42469995468854904,seeded_runs_discrete_observed_smoke,8,1,"4,7,9,14,20,21,22,26",10518300,3,28,3,14,26,4,16.0,1.0,4.0,0.05748164898582031,0.004225225948636391,0.0617068749344567,0.06170687374237449,ok
seeded_run_1,101,homogeneous_anchor,Homogeneous anchor,2class,binary_parity,lognormal,C:\Users\Priya\Desktop\research project (SNN Info Theory)\Project Files\Checkpoints\SeededRuns\seeded_run_1\2class_lognormal\2class_seed101_hom_geommean_lognormal.pt,2class_seed101_hom_geommean_lognormal.pt,10.0,24.687251898269864,0.8268551236749117,0.42469995468854904,seeded_runs_discrete_observed_smoke,8,2,"5,8,9,21,23,27,28,30",10518300,3,28,1,8,9,4,16.0,1.0,4.0,0.0009484841193552924,0.0,0.0009484841193552924,0.0009484839663939173,ok
seeded_run_1,101,homogeneous_anchor,Homogeneous anchor,2class,binary_parity,lognormal,C:\Users\Priya\Desktop\research project (SNN Info Theory)\Project Files\Checkpoints\SeededRuns\seeded_run_1\2class_lognormal\2class_seed101_hom_geommean_lognormal.pt,2class_seed101_hom_geommean_lognormal.pt,10.0,24.687251898269864,0.8268551236749117,0.42469995468854904,seeded_runs_discrete_observed_smoke,8,2,"5,8,9,21,23,27,28,30",10518300,3,28,2,9,27,4,16.0,1.0,4.0,0.0009484841193552924,0.0,0.0009484841193552924,0.0009484839663939173,ok
seeded_run_1,101,homogeneous_anchor,Homogeneous anchor,2class,binary_parity,lognormal,C:\Users\Priya\Desktop\research project (SNN Info Theory)\Project Files\Checkpoints\SeededRuns\seeded_run_1\2class_lognormal\2class_seed101_hom_geommean_lognormal.pt,2class_seed101_hom_geommean_lognormal.pt,10.0,24.687251898269864,0.8268551236749117,0.42469995468854904,seeded_runs_discrete_observed_smoke,8,2,"5,8,9,21,23,27,28,30",10518300,3,28,3,21,28,4,16.0,1.0,4.0,0.004379747978981691,0.0001694965460236897,0.00454924452500538,0.004549243850659062,ok
seeded_run_1,101,homogeneous_anchor,Homogeneous anchor,2class,binary_parity,lognormal,C:\Users\Priya\Desktop\research project (SNN Info Theory)\Project Files\Checkpoints\SeededRuns\seeded_run_1\2class_lognormal\2class_seed101_hom_geommean_lognormal.pt,2class_seed101_hom_geommean_lognormal.pt,10.0,24.687251898269864,0.8268551236749117,0.42469995468854904,seeded_runs_discrete_observed_smoke,8,3,"6,12,13,18,21,26,27,30",10518300,3,28,1,6,21,4,16.0,1.0,4.0,0.004075248678305499,-9.007864653104436e-06,0.004066240813652394,0.004066240780260322,ok
seeded_run_1,101,homogeneous_anchor,Homogeneous anchor,2class,binary_parity,lognormal,C:\Users\Priya\Desktop\research project (SNN Info Theory)\Project Files\Checkpoints\SeededRuns\seeded_run_1\2class_lognormal\2class_seed101_hom_geommean_lognormal.pt,2class_seed101_hom_geommean_lognormal.pt,10.0,24.687251898269864,0.8268551236749117,0.42469995468854904,seeded_runs_discrete_observed_smoke,8,3,"6,12,13,18,21,26,27,30",10518300,3,28,2,12,26,4,16.0,1.0,4.0,0.02471009451418693,0.003939455367407696,0.028649549881594627,0.028649548599134093,ok
seeded_run_1,101,homogeneous_anchor,Homogeneous anchor,2class,binary_parity,lognormal,C:\Users\Priya\Desktop\research project (SNN Info Theory)\Project Files\Checkpoints\SeededRuns\seeded_run_1\2class_lognormal\2class_seed101_hom_geommean_lognormal.pt,2class_seed101_hom_geommean_lognormal.pt,10.0,24.687251898269864,0.8268551236749117,0.42469995468854904,seeded_runs_discrete_observed_smoke,8,3,"6,12,13,18,21,26,27,30",10518300,3,28,3,21,30,4,16.0,1.0,4.0,0.00035616548213525737,-2.551705733003229e-06,0.00035361377640225414,0.00035361315018509214,ok
seeded_run_1,101,homogeneous_anchor,Homogeneous anchor,2class,binary_parity,lognormal,C:\Users\Priya\Desktop\research project (SNN Info Theory)\Project Files\Checkpoints\SeededRuns\seeded_run_1\2class_lognormal\2class_seed101_hom_geommean_lognormal.pt,2class_seed101_hom_geommean_lognormal.pt,10.0,24.687251898269864,0.8268551236749117,0.42469995468854904,seeded_runs_discrete_observed_smoke,16,1,"1,3,4,7,9,10,12,14,16,17,18,21,25,26,28,31",601080390,3,120,1,3,18,4,16.0,1.0,4.0,0.15669215177089546,0.08772931367776193,0.2444214654486574,0.24442146427532313,ok
seeded_run_1,101,homogeneous_anchor,Homogeneous anchor,2class,binary_parity,lognormal,C:\Users\Priya\Desktop\research project (SNN Info Theory)\Project Files\Checkpoints\SeededRuns\seeded_run_1\2class_lognormal\2class_seed101_hom_geommean_lognormal.pt,2class_seed101_hom_geommean_lognormal.pt,10.0,24.687251898269864,0.8268551236749117,0.42469995468854904,seeded_runs_discrete_observed_smoke,16,1,"1,3,4,7,9,10,12,14,16,17,18,21,25,26,28,31",601080390,3,120,2,17,26,4,16.0,1.0,4.0,0.022608124466967694,0.0,0.022608124466967694,0.022608124460246456,ok
seeded_run_1,101,homogeneous_anchor,Homogeneous anchor,2class,binary_parity,lognormal,C:\Users\Priya\Desktop\research project (SNN Info Theory)\Project Files\Checkpoints\SeededRuns\seeded_run_1\2class_lognormal\2class_seed101_hom_geommean_lognormal.pt,2class_seed101_hom_geommean_lognormal.pt,10.0,24.687251898269864,0.8268551236749117,0.42469995468854904,seeded_runs_discrete_observed_smoke,16,1,"1,3,4,7,9,10,12,14,16,17,18,21,25,26,28,31",601080390,3,120,3,25,31,4,16.0,1.0,4.0,0.009690421679687644,0.0,0.009690421679687644,0.009690421667898193,ok
seeded_run_1,101,homogeneous_anchor,Homogeneous anchor,2class,binary_parity,lognormal,C:\Users\Priya\Desktop\research project (SNN Info Theory)\Project Files\Checkpoints\SeededRuns\seeded_run_1\2class_lognormal\2class_seed101_hom_geommean_lognormal.pt,2class_seed101_hom_geommean_lognormal.pt,10.0,24.687251898269864,0.8268551236749117,0.42469995468854904,seeded_runs_discrete_observed_smoke,16,2,"2,3,4,6,8,9,10,13,15,16,17,20,21,22,29,31",601080390,3,120,1,10,22,4,16.0,1.0,4.0,0.42778574751239073,0.0063185064694057935,0.43410425398179653,0.43410425278802545,ok
seeded_run_1,101,homogeneous_anchor,Homogeneous anchor,2class,binary_parity,lognormal,C:\Users\Priya\Desktop\research project (SNN Info Theory)\Project Files\Checkpoints\SeededRuns\seeded_run_1\2class_lognormal\2class_seed101_hom_geommean_lognormal.pt,2class_seed101_hom_geommean_lognormal.pt,10.0,24.687251898269864,0.8268551236749117,0.42469995468854904,seeded_runs_discrete_observed_smoke,16,2,"2,3,4,6,8,9,10,13,15,16,17,20,21,22,29,31",601080390,3,120,2,13,17,4,16.0,1.0,4.0,-1.4426951601859516e-10,0.0,-1.4426951601859516e-10,0.0,ok
seeded_run_1,101,homogeneous_anchor,Homogeneous anchor,2class,binary_parity,lognormal,C:\Users\Priya\Desktop\research project (SNN Info Theory)\Project Files\Checkpoints\SeededRuns\seeded_run_1\2class_lognormal\2class_seed101_hom_geommean_lognormal.pt,2class_seed101_hom_geommean_lognormal.pt,10.0,24.687251898269864,0.8268551236749117,0.42469995468854904,seeded_runs_discrete_observed_smoke,16,2,"2,3,4,6,8,9,10,13,15,16,17,20,21,22,29,31",601080390,3,120,3,22,29,4,16.0,1.0,4.0,0.3125156760103598,0.009255603313973682,0.32177127932433347,0.32177127814167544,ok
seeded_run_1,101,homogeneous_anchor,Homogeneous anchor,2class,binary_parity,lognormal,C:\Users\Priya\Desktop\research project (SNN Info Theory)\Project Files\Checkpoints\SeededRuns\seeded_run_1\2class_lognormal\2class_seed101_hom_geommean_lognormal.pt,2class_seed101_hom_geommean_lognormal.pt,10.0,24.687251898269864,0.8268551236749117,0.42469995468854904,seeded_runs_discrete_observed_smoke,16,3,"2,5,6,8,9,10,11,13,15,18,20,22,26,29,30,31",601080390,3,120,1,2,6,4,16.0,1.0,4.0,0.004065452085721122,0.0,0.004065452085721122,0.0040654520523497936,ok
seeded_run_1,101,homogeneous_anchor,Homogeneous anchor,2class,binary_parity,lognormal,C:\Users\Priya\Desktop\research project (SNN Info Theory)\Project Files\Checkpoints\SeededRuns\seeded_run_1\2class_lognormal\2class_seed101_hom_geommean_lognormal.pt,2class_seed101_hom_geommean_lognormal.pt,10.0,24.687251898269864,0.8268551236749117,0.42469995468854904,seeded_runs_discrete_observed_smoke,16,3,"2,5,6,8,9,10,11,13,15,18,20,22,26,29,30,31",601080390,3,120,2,2,11,4,16.0,1.0,4.0,0.026652538382161584,0.0,0.026652538382161584,0.026652538372144784,ok
seeded_run_1,101,homogeneous_anchor,Homogeneous anchor,2class,binary_parity,lognormal,C:\Users\Priya\Desktop\research project (SNN Info Theory)\Project Files\Checkpoints\SeededRuns\seeded_run_1\2class_lognormal\2class_seed101_hom_geommean_lognormal.pt,2class_seed101_hom_geommean_lognormal.pt,10.0,24.687251898269864,0.8268551236749117,0.42469995468854904,seeded_runs_discrete_observed_smoke,16,3,"2,5,6,8,9,10,11,13,15,18,20,22,26,29,30,31",601080390,3,120,3,13,18,4,16.0,1.0,4.0,0.07294460382413925,0.0,0.07294460382413925,0.07294460382149284,ok
seeded_run_1,101,homogeneous_anchor,Homogeneous anchor,2class,binary_parity,lognormal,C:\Users\Priya\Desktop\research project (SNN Info Theory)\Project Files\Checkpoints\SeededRuns\seeded_run_1\2class_lognormal\2class_seed101_hom_geommean_lognormal.pt,2class_seed101_hom_geommean_lognormal.pt,10.0,24.687251898269864,0.8268551236749117,0.42469995468854904,seeded_runs_discrete_observed_smoke,32,1,"0,1,2,3,4,5,6,7,8,9,10,11,12,13,14,15,16,17,18,19,20,21,22,23,24,25,26,27,28,29,30,31",1,3,496,1,1,23,4,16.0,1.0,4.0,0.25052343285443146,0.0,0.25052343285443146,0.2505234328516467,ok
seeded_run_1,101,homogeneous_anchor,Homogeneous anchor,2class,binary_parity,lognormal,C:\Users\Priya\Desktop\research project (SNN Info Theory)\Project Files\Checkpoints\SeededRuns\seeded_run_1\2class_lognormal\2class_seed101_hom_geommean_lognormal.pt,2class_seed101_hom_geommean_lognormal.pt,10.0,24.687251898269864,0.8268551236749117,0.42469995468854904,seeded_runs_discrete_observed_smoke,32,1,"0,1,2,3,4,5,6,7,8,9,10,11,12,13,14,15,16,17,18,19,20,21,22,23,24,25,26,27,28,29,30,31",1,3,496,2,18,23,4,16.0,1.0,4.0,0.07294460382413925,0.0,0.07294460382413925,0.07294460382149284,ok
seeded_run_1,101,homogeneous_anchor,Homogeneous anchor,2class,binary_parity,lognormal,C:\Users\Priya\Desktop\research project (SNN Info Theory)\Project Files\Checkpoints\SeededRuns\seeded_run_1\2class_lognormal\2class_seed101_hom_geommean_lognormal.pt,2class_seed101_hom_geommean_lognormal.pt,10.0,24.687251898269864,0.8268551236749117,0.42469995468854904,seeded_runs_discrete_observed_smoke,32,1,"0,1,2,3,4,5,6,7,8,9,10,11,12,13,14,15,16,17,18,19,20,21,22,23,24,25,26,27,28,29,30,31",1,3,496,3,21,22,4,16.0,1.0,4.0,0.011963982843218979,-1.9403710795895535e-06,0.01196204247213939,0.011962042464012954,ok
